"id","fecha_entrada","fuente","tema","keyword_exacta","angulo","pilar","audiencia","ventana_tipo","fecha_limite","red","formato","hecho_citable","senal_demanda","cierre","dem","ven","evi","enc","wa","score","bloqueo","carril","estado","nota"
"P01","2026-09-28","blog","Uso de CFDI 2026: qué clave elegir","uso de cfdi 2026 cual elegir","","facturacion","freelancer y profesionista","perenne","","Instagram","carrusel","CFF Art. 29-A","el blog rankea pero no existe el video","algo concreto en la comunidad","","","","","","","","","nuevo",""
"P02","2026-09-28","blog","Impuestos para repartidores: Rappi, Uber Eats, DiDi Food","impuestos para repartidores mexico","","regimen","conductores y repartidores","perenne","","TikTok","video con cara","LISR Art. 113-A","el blog rankea pero no existe el video","algo concreto en la comunidad","","","","","","","","","nuevo",""
"P03","2026-09-28","blog","Declaración anual RESICO 2026: se eliminó, pero hay excepciones","declaracion anual resico 2026","","regimen","freelancer y profesionista","estacional","","Instagram","carrusel","","el blog rankea pero no existe el video","comentar palabra clave","","","","","","","","","nuevo",""
"P04","2026-09-28","noticias","Paquete Económico 2027: qué cambia en RESICO","paquete economico 2027 resico","","noticias","noticia fiscal del dia","tendencia del dia","","LinkedIn","texto","","hay busquedas y no aparecemos en ningun lado","no aplica, su destino es otro","","","","","","","","","nuevo",""
"P05","2026-09-28","blog","Saldo a favor del SAT y cómo pedir la devolución","saldo a favor sat devolucion","","deducciones","freelancer y profesionista","estacional","","Instagram","carrusel","LISR Art. 152","el blog rankea pero no existe el video","algo concreto en la comunidad","","","","","","","","","nuevo",""
"P06","2026-09-28","creator search insights","Desglose semanal de ganancias DiDi, explicado","explicacion del desglose semanal de ganancias didi conductor","","regimen","conductores y repartidores","perenne","","TikTok","video con cara","LISR Art. 113-A","sale en creator search insights con hueco","algo concreto en la comunidad","","","","","","","","","nuevo",""
"P07","2026-09-28","creator search insights","Qué es una deducción si manejas para DiDi","que es deduccion didi conductor","","deducciones","conductores y repartidores","perenne","","TikTok","video con cara","LISR Art. 113-A","sale en creator search insights con hueco","comentar palabra clave","","","","","","","","","nuevo",""
"P08","2026-09-28","creator search insights","Tabulador para la mensual de un conductor de Uber","tabulador declaracion mensual sat conductor uber","","fechas limite","conductores y repartidores","perenne","","TikTok","video con cara","LISR Art. 113-A","sale en creator search insights con hueco","algo concreto en la comunidad","","","","","","","","","nuevo",""
"P09","2026-09-28","paginas discover tiktok","¿heru es confiable? contestado por nosotros","heru es confiable","","mito vs realidad","freelancer y profesionista","perenne","","TikTok","video con cara","Aviso de privacidad heru","hay busquedas y no aparecemos en ningun lado","comentar palabra clave","","","","","","","","","nuevo",""
"P10","2026-09-28","search console","Declaración mensual del SAT, paso a paso","declaracion mensual sat","","fechas limite","freelancer y profesionista","vence esta semana","2026-10-17","Instagram","carrusel","LISR Art. 113-E","hay busquedas y no aparecemos en ningun lado","algo concreto en la comunidad","","","","","","","","","nuevo",""
"P11","2026-09-28","search console + blog","Cómo saber cuál es mi régimen fiscal","como saber cual es mi regimen fiscal","","regimen","quien busca un como-se-hace","perenne","","YouTube","video largo","Ficha de trámite SAT 6/CFF","hay busquedas y no aparecemos en ningun lado","comentar palabra clave","","","","","","","","","nuevo",""
"P12","2026-09-28","search console","Cómo actualizar mi RFC en 2026","como actualizar mi rfc","","regimen","quien busca un como-se-hace","perenne","","YouTube","video largo","Ficha de trámite SAT 77/CFF","el blog rankea pero no existe el video","comentar palabra clave","","","","","","","","","nuevo",""
"P13","2026-09-28","search console + blog","Constancia de situación fiscal sin ir al SAT","constancia de situacion fiscal","","facturacion","quien busca un como-se-hace","perenne","","Instagram","carrusel","Ficha de trámite SAT 5/CFF","el blog rankea pero no existe el video","solo guardar o compartir","","","","","","","","","nuevo",""
"P14","2026-09-28","search console","Opinión de cumplimiento para cobrarle a una empresa","opinion de cumplimiento","","facturacion","quien busca un como-se-hace","perenne","","YouTube","video largo","CFF Art. 32-D","hay busquedas y no aparecemos en ningun lado","algo concreto en la comunidad","","","","","","","","","nuevo",""
"P15","2026-09-28","calendario fiscal","Qué pasa si no declaras antes del 17","que pasa si no declaro antes del 17","","fechas limite","freelancer y profesionista","vence esta semana","2026-10-17","TikTok","video con cara","CFF Art. 82 fr. I","pregunta repetida 3+ veces esta semana","algo concreto en la comunidad","","","","","","","","","nuevo",""
"P16","2026-09-28","calendario fiscal","Recordatorio: el 17 de octubre va la mensual de septiembre","fecha limite declaracion mensual octubre","","fechas limite","freelancer y profesionista","vence esta semana","2026-10-17","Instagram","estatico","LISR Art. 113-E","pregunta repetida 3+ veces esta semana","algo concreto en la comunidad","","","","","","","","","nuevo",""
"P17","2026-09-28","blog","Cuánto es realmente la multa por no declarar","multa por no declarar sat cuanto es","","fechas limite","freelancer y profesionista","estacional","","Instagram","carrusel","CFF Art. 82 fr. I · Anexo 5 RMF 2026","el blog rankea pero no existe el video","comentar palabra clave","","","","","","","","","nuevo",""
"P18","2026-09-28","blog","Recargos: cómo se calcula el 2.07% mensual","recargos sat como se calculan","","fechas limite","freelancer y profesionista","perenne","","Instagram","carrusel","LIF 2026 Art. 11 fr. I · CFF Art. 21","el blog rankea pero no existe el video","solo guardar o compartir","","","","","","","","","nuevo",""
"P19","2026-09-28","comentarios propios","Gastos deducibles si eres profesionista","gastos deducibles profesionista","","deducciones","freelancer y profesionista","perenne","","Instagram","carrusel","LISR Art. 27","pregunta repetida 3+ veces esta semana","algo concreto en la comunidad","","","","","","","","","nuevo",""
"P20","2026-09-28","comunidad whatsapp","Por qué en RESICO no deduces tus gastos","resico no deduce gastos","","mito vs realidad","freelancer y profesionista","perenne","","TikTok","video con cara","LISR Art. 113-E","pregunta repetida 3+ veces esta semana","comentar palabra clave","","","","","","","","","nuevo",""
"P21","2026-09-28","grupos de facebook","Respuesta: manejo para Uber y DiDi a la vez, ¿cómo declaro?","uber y didi al mismo tiempo como declaro","","regimen","conductores y repartidores","perenne","","Facebook","comentario","LISR Art. 113-A","pregunta repetida 3+ veces esta semana","algo concreto en la comunidad","","","","","","","","","nuevo",""
"P22","2026-09-28","grupos de facebook","Respuesta: si no facturé este mes, ¿tengo que declarar?","si no facture tengo que declarar","","fechas limite","conductores y repartidores","vence esta semana","2026-10-17","Facebook","comentario","LISR Art. 113-E","pregunta repetida 3+ veces esta semana","algo concreto en la comunidad","","","","","","","","","nuevo",""
"P23","2026-09-28","estudio propio","El 38% de las facturas deducibles no se aprovecha","facturas deducibles no aprovechadas mexico","","deducciones","contador, empresa o alianza","perenne","","LinkedIn","texto","Estudio heru 2023-2025, 275,207 partidas","hay busquedas y no aparecemos en ningun lado","no aplica, su destino es otro","","","","","","","","","nuevo",""
"P24","2026-09-28","blog","Qué cambia en RESICO para una flotilla","resico flotillas plataformas","","regimen","contador, empresa o alianza","perenne","","LinkedIn","texto","LISR Art. 113-E","el blog rankea pero no existe el video","no aplica, su destino es otro","","","","","","","","","nuevo",""
"P25","2026-09-28","blog","3 cosas que cambian en tu declaración si eres repartidor","impuestos repartidor rappi 2026","","regimen","conductores y repartidores","perenne","","Instagram","carrusel","LISR Art. 113-A","el blog rankea pero no existe el video","algo concreto en la comunidad","","","","","","","","","nuevo",""